id,source,url,user_statement,retrieval_scenario
R01,Reddit,https://www.reddit.com/r/googlephotos/comments/1v3gsds/i_can_no_longer_search_for_photos_by_date/,"The user says date-based searches that previously worked, such as July 2016, no longer return results; even searching only the year fails.",Trying to retrieve older family photos using a remembered month/year.
R02,Reddit,https://www.reddit.com/r/googlephotos/comments/1ijy6ie/,The user says text-search across images stopped finding many images even when the text is clearly recognizable; the feature had previously been useful for documents and slides.,Trying to retrieve a document or image by remembered text appearing inside the image.
R03,Reddit,https://www.reddit.com/r/googlephotos/comments/1lklsk2/classic_search_is_gone/,"The user reports that after the search experience changed, keyword searches no longer reliably find photos or videos whose names/descriptions contain the searched terms.",Trying to retrieve a specific photo/video using a remembered keyword or filename.
R04,Reddit,https://www.reddit.com/r/googlephotos/comments/1sdxrk9/new_ai_search/,The user reports that the newer AI search is slow and often fails to return photos for basic terms; they specifically mention difficulty finding photos by date and by a person's name.,Trying to retrieve a known photo using simple remembered attributes such as date or person.
R05,Reddit,https://www.reddit.com/r/googlephotos/comments/1px47il/googleif_youre_listening_your_photos_app_is_a/,"The user says searches that previously returned many relevant photos now return only a small subset, making it necessary to remember the date and manually scroll to find a photo.",Trying to retrieve a photo of a familiar object or activity when the exact date is not remembered.
R06,Reddit,https://www.reddit.com/r/googlephotos/comments/17xzq0g/,"The user says a newly created album could not be found through album search, while an older album could be found.",Trying to retrieve photos through a recently created album when the album name is remembered.
R07,Reddit,https://www.reddit.com/r/googlephotos/comments/18un6dm/,The user reports that searches for common concepts such as dogs return only a few photos instead of the broader set they previously expected; filename searches can also return irrelevant results.,Trying to retrieve a group of photos using a remembered object or filename.
GS01,GoogleSupport,https://support.google.com/photos/thread/231765990/can-t-search-for-photos-prior-to-2010?hl=en,"The user could not search for photos from before 2010 by date on a laptop, although the same date search worked on the phone.",Trying to retrieve older photos using a remembered year/date on desktop.
GS02,GoogleSupport,https://support.google.com/photos/thread/286489095/how-do-i-get-google-photo-to-show-all-my-photos-chronologically-begining-with-the-most-recent-ones?hl=en,The user could not find photos taken and uploaded that day; entering today's date returned unrelated older photos.,Trying to retrieve very recent photos using today's date.
GS03,GoogleSupport,https://support.google.com/photos/thread/116308019/i-can-t-search-google-photos-by-date-all-search-results-say-no-results-found?hl=en,The user reports that date searches consistently return no results when trying to find photos from a specific date.,Trying to retrieve a photo using a remembered exact date.
GS04,GoogleSupport,https://support.google.com/photos/thread/348117640/why-can-i-not-longer-search-google-photos-by-a-specific-date?hl=en,The user says specific-date searches stopped working after a recent update and that changing date formats did not restore the expected results.,Trying to retrieve photos by a remembered day/month after a search experience change.
GS05,GoogleSupport,https://support.google.com/photos/thread/295974677/can-t-find-images-by-text?hl=en,"The user says they previously found images by searching text associated with them, but the same text search no longer surfaces the expected image.",Trying to retrieve an image by remembered text associated with or visible in the image.
